{
	"info": {
		"_postman_id": "fc52fd20-f5b9-4575-95c4-7c0d1d41f297",
		"name": "caps_backend",
		"schema": "https://schema.getpostman.com/json/collection/v2.1.0/collection.json",
		"_exporter_id": "39277942"
	},
	"item": [
		{
			"name": "Get_review",
			"protocolProfileBehavior": {
				"disableBodyPruning": true
			},
			"request": {
				"method": "GET",
				"header": [],
				"body": {
					"mode": "raw",
					"raw": "  {\r\n    \"review\": \"bad\",\r\n    \"rating\": 5,\r\n     \"learner\": { \"learnerId\": \"L0001\"},\r\n     \"course\": { \"courseId\": \"C0002\"}\r\n}",
					"options": {
						"raw": {
							"language": "json"
						}
					}
				},
				"url": {
					"raw": "http://localhost:8080/api/review",
					"protocol": "http",
					"host": [
						"localhost"
					],
					"port": "8080",
					"path": [
						"api",
						"review"
					]
				}
			},
			"response": []
		},
		{
			"name": "Get_admin",
			"protocolProfileBehavior": {
				"disableBodyPruning": true
			},
			"request": {
				"method": "GET",
				"header": [],
				"body": {
					"mode": "raw",
					"raw": "{\r\n        \r\n        \"name\": \"sagar\",\r\n        \"email\": \"ss@112\",\r\n        \"password\": \"Aayush@1\",\r\n        \"phone\": \"1234567890\"\r\n    }\r\n  ",
					"options": {
						"raw": {
							"language": "json"
						}
					}
				},
				"url": {
					"raw": "http://localhost:8080/api/admin",
					"protocol": "http",
					"host": [
						"localhost"
					],
					"port": "8080",
					"path": [
						"api",
						"admin"
					]
				}
			},
			"response": []
		},
		{
			"name": "Get_learner",
			"protocolProfileBehavior": {
				"disableBodyPruning": true
			},
			"request": {
				"method": "GET",
				"header": [],
				"body": {
					"mode": "raw",
					"raw": "{\r\n    \r\n    \"name\": \"c#\",\r\n    \"startDate\": \"19/07/2024\",\r\n    \"duration\": 76,\r\n    \"description\": \"Complete\",\r\n    \"assignedTo\": {\"authorId\": \"A0008\" }\r\n  }",
					"options": {
						"raw": {
							"language": "json"
						}
					}
				},
				"url": {
					"raw": "http://localhost:8080/api/learner",
					"protocol": "http",
					"host": [
						"localhost"
					],
					"port": "8080",
					"path": [
						"api",
						"learner"
					]
				}
			},
			"response": []
		},
		{
			"name": "Get_author",
			"protocolProfileBehavior": {
				"disableBodyPruning": true
			},
			"request": {
				"method": "GET",
				"header": [],
				"body": {
					"mode": "raw",
					"raw": " {\r\n       \r\n        \"name\": \"aayyyyyyyyyyyyyyyyy\",\r\n        \"email\": \"a@91\",\r\n        \"phone\": \"9785858585\",\r\n        \"biography\": \"perfect\"\r\n    }",
					"options": {
						"raw": {
							"language": "json"
						}
					}
				},
				"url": {
					"raw": "http://localhost:8080/api/author",
					"protocol": "http",
					"host": [
						"localhost"
					],
					"port": "8080",
					"path": [
						"api",
						"author"
					]
				}
			},
			"response": []
		},
		{
			"name": "Get_course",
			"request": {
				"method": "GET",
				"header": [],
				"url": {
					"raw": "http://localhost:8080/api/course",
					"protocol": "http",
					"host": [
						"localhost"
					],
					"port": "8080",
					"path": [
						"api",
						"course"
					]
				}
			},
			"response": []
		}
	]
}