{
  "hash": "06860779",
  "configHash": "f2411eaf",
  "lockfileHash": "882e918f",
  "browserHash": "703bbc49",
  "optimized": {
    "@angular/common": {
      "src": "../../../../../../node_modules/@angular/common/fesm2022/common.mjs",
      "file": "@angular_common.js",
      "fileHash": "25fea23b",
      "needsInterop": false
    },
    "@angular/common/http": {
      "src": "../../../../../../node_modules/@angular/common/fesm2022/http.mjs",
      "file": "@angular_common_http.js",
      "fileHash": "e8dca708",
      "needsInterop": false
    },
    "@angular/core": {
      "src": "../../../../../../node_modules/@angular/core/fesm2022/core.mjs",
      "file": "@angular_core.js",
      "fileHash": "8b6c95e6",
      "needsInterop": false
    },
    "@angular/forms": {
      "src": "../../../../../../node_modules/@angular/forms/fesm2022/forms.mjs",
      "file": "@angular_forms.js",
      "fileHash": "38a37f63",
      "needsInterop": false
    },
    "@angular/platform-browser": {
      "src": "../../../../../../node_modules/@angular/platform-browser/fesm2022/platform-browser.mjs",
      "file": "@angular_platform-browser.js",
      "fileHash": "2f1970c0",
      "needsInterop": false
    },
    "@angular/router": {
      "src": "../../../../../../node_modules/@angular/router/fesm2022/router.mjs",
      "file": "@angular_router.js",
      "fileHash": "4c345a3c",
      "needsInterop": false
    },
    "rxjs": {
      "src": "../../../../../../node_modules/rxjs/dist/esm5/index.js",
      "file": "rxjs.js",
      "fileHash": "1d9c75b0",
      "needsInterop": false
    }
  },
  "chunks": {
    "chunk-NN4VVKZP": {
      "file": "chunk-NN4VVKZP.js"
    },
    "chunk-HGGNA3LN": {
      "file": "chunk-HGGNA3LN.js"
    },
    "chunk-ZBJEPUJX": {
      "file": "chunk-ZBJEPUJX.js"
    },
    "chunk-2UBHIABL": {
      "file": "chunk-2UBHIABL.js"
    },
    "chunk-5TID76VL": {
      "file": "chunk-5TID76VL.js"
    }
  }
}